id,city,date,player_of_match,venue,neutral_venue,team1,team2,toss_winner,toss_decision,winner,result,result_margin,eliminator,method,umpire1,umpire2
335982,Bangalore,4/18/2008,BB McCullum,M Chinnaswamy Stadium,0,Royal Challengers Bangalore,Kolkata Knight Riders,Royal Challengers Bangalore,field,Kolkata Knight Riders,runs,140,N,NA,Asad Rauf,RE Koertzen
335983,Chandigarh,4/19/2008,MEK Hussey,"Punjab Cricket Association Stadium, Mohali",0,Kings XI Punjab,Chennai Super Kings,Chennai Super Kings,bat,Chennai Super Kings,runs,33,N,NA,MR Benson,SL Shastri
335984,Delhi,4/19/2008,MF Maharoof,Feroz Shah Kotla,0,Delhi Daredevils,Rajasthan Royals,Rajasthan Royals,bat,Delhi Daredevils,wickets,9,N,NA,Aleem Dar,GA Pratapkumar
335985,Mumbai,4/20/2008,MV Boucher,Wankhede Stadium,0,Mumbai Indians,Royal Challengers Bangalore,Mumbai Indians,bat,Royal Challengers Bangalore,wickets,5,N,NA,SJ Davis,DJ Harper
335986,Kolkata,4/20/2008,DJ Hussey,Eden Gardens,0,Kolkata Knight Riders,Deccan Chargers,Deccan Chargers,bat,Kolkata Knight Riders,wickets,5,N,NA,BF Bowden,K Hariharan
335987,Jaipur,4/21/2008,SR Watson,Sawai Mansingh Stadium,0,Rajasthan Royals,Kings XI Punjab,Kings XI Punjab,bat,Rajasthan Royals,wickets,6,N,NA,Aleem Dar,RB Tiffin
335988,Hyderabad,4/22/2008,V Sehwag,"Rajiv Gandhi International Stadium, Uppal",0,Deccan Chargers,Delhi Daredevils,Deccan Chargers,bat,Delhi Daredevils,wickets,9,N,NA,IL Howell,AM Saheba
335989,Chennai,4/23/2008,ML Hayden,"MA Chidambaram Stadium, Chepauk",0,Chennai Super Kings,Mumbai Indians,Mumbai Indians,field,Chennai Super Kings,runs,6,N,NA,DJ Harper,GA Pratapkumar
335990,Hyderabad,4/24/2008,YK Pathan,"Rajiv Gandhi International Stadium, Uppal",0,Deccan Chargers,Rajasthan Royals,Rajasthan Royals,field,Rajasthan Royals,wickets,3,N,NA,Asad Rauf,MR Benson
335991,Chandigarh,4/25/2008,KC Sangakkara,"Punjab Cricket Association Stadium, Mohali",0,Kings XI Punjab,Mumbai Indians,Mumbai Indians,field,Kings XI Punjab,runs,66,N,NA,Aleem Dar,AM Saheba
335992,Bangalore,4/26/2008,SR Watson,M Chinnaswamy Stadium,0,Royal Challengers Bangalore,Rajasthan Royals,Rajasthan Royals,field,Rajasthan Royals,wickets,7,N,NA,MR Benson,IL Howell
335993,Chennai,4/26/2008,JDP Oram,"MA Chidambaram Stadium, Chepauk",0,Chennai Super Kings,Kolkata Knight Riders,Kolkata Knight Riders,bat,Chennai Super Kings,wickets,9,N,NA,BF Bowden,AV Jayaprakash
335994,Mumbai,4/27/2008,AC Gilchrist,Dr DY Patil Sports Academy,0,Mumbai Indians,Deccan Chargers,Deccan Chargers,field,Deccan Chargers,wickets,10,N,NA,Asad Rauf,SL Shastri
335995,Chandigarh,4/27/2008,SM Katich,"Punjab Cricket Association Stadium, Mohali",0,Kings XI Punjab,Delhi Daredevils,Delhi Daredevils,bat,Kings XI Punjab,wickets,4,N,NA,RE Koertzen,I Shivram
335996,Bangalore,4/28/2008,MS Dhoni,M Chinnaswamy Stadium,0,Royal Challengers Bangalore,Chennai Super Kings,Chennai Super Kings,bat,Chennai Super Kings,runs,13,N,NA,BR Doctrove,RB Tiffin
335997,Kolkata,4/29/2008,ST Jayasuriya,Eden Gardens,0,Kolkata Knight Riders,Mumbai Indians,Kolkata Knight Riders,bat,Mumbai Indians,wickets,7,N,NA,BF Bowden,AV Jayaprakash
335998,Delhi,4/30/2008,GD McGrath,Feroz Shah Kotla,0,Delhi Daredevils,Royal Challengers Bangalore,Royal Challengers Bangalore,field,Delhi Daredevils,runs,10,N,NA,Aleem Dar,I Shivram
335999,Hyderabad,5/1/2008,SE Marsh,"Rajiv Gandhi International Stadium, Uppal",0,Deccan Chargers,Kings XI Punjab,Kings XI Punjab,field,Kings XI Punjab,wickets,7,N,NA,BR Doctrove,RB Tiffin
336000,Jaipur,5/1/2008,SA Asnodkar,Sawai Mansingh Stadium,0,Rajasthan Royals,Kolkata Knight Riders,Rajasthan Royals,bat,Rajasthan Royals,runs,45,N,NA,RE Koertzen,GA Pratapkumar
336001,Chennai,5/2/2008,V Sehwag,"MA Chidambaram Stadium, Chepauk",0,Chennai Super Kings,Delhi Daredevils,Chennai Super Kings,bat,Delhi Daredevils,wickets,8,N,NA,BF Bowden,K Hariharan
336002,Hyderabad,5/25/2008,R Vinay Kumar,"Rajiv Gandhi International Stadium, Uppal",0,Deccan Chargers,Royal Challengers Bangalore,Deccan Chargers,bat,Royal Challengers Bangalore,wickets,5,N,NA,Asad Rauf,RE Koertzen
336003,Chandigarh,5/3/2008,IK Pathan,"Punjab Cricket Association Stadium, Mohali",0,Kings XI Punjab,Kolkata Knight Riders,Kings XI Punjab,bat,Kings XI Punjab,runs,9,N,NA,DJ Harper,I Shivram
336004,Mumbai,5/4/2008,SM Pollock,Dr DY Patil Sports Academy,0,Mumbai Indians,Delhi Daredevils,Delhi Daredevils,field,Mumbai Indians,runs,29,N,NA,IL Howell,RE Koertzen
336005,Jaipur,5/4/2008,Sohail Tanvir,Sawai Mansingh Stadium,0,Rajasthan Royals,Chennai Super Kings,Chennai Super Kings,bat,Rajasthan Royals,wickets,8,N,NA,Asad Rauf,AV Jayaprakash
336006,Bangalore,5/5/2008,S Sreesanth,M Chinnaswamy Stadium,0,Royal Challengers Bangalore,Kings XI Punjab,Kings XI Punjab,field,Kings XI Punjab,wickets,6,N,NA,SJ Davis,BR Doctrove
336007,Chennai,5/6/2008,AC Gilchrist,"MA Chidambaram Stadium, Chepauk",0,Chennai Super Kings,Deccan Chargers,Deccan Chargers,field,Deccan Chargers,wickets,7,N,NA,MR Benson,RB Tiffin
336008,Mumbai,5/7/2008,A Nehra,Dr DY Patil Sports Academy,0,Mumbai Indians,Rajasthan Royals,Mumbai Indians,field,Mumbai Indians,wickets,7,N,NA,DJ Harper,RE Koertzen
336009,Delhi,5/8/2008,MS Dhoni,Feroz Shah Kotla,0,Delhi Daredevils,Chennai Super Kings,Chennai Super Kings,field,Chennai Super Kings,wickets,4,N,NA,Aleem Dar,RB Tiffin
336010,Kolkata,5/8/2008,SC Ganguly,Eden Gardens,0,Kolkata Knight Riders,Royal Challengers Bangalore,Kolkata Knight Riders,bat,Kolkata Knight Riders,runs,5,N,NA,Asad Rauf,IL Howell
336011,Jaipur,5/9/2008,YK Pathan,Sawai Mansingh Stadium,0,Rajasthan Royals,Deccan Chargers,Rajasthan Royals,field,Rajasthan Royals,wickets,8,N,NA,MR Benson,AM Saheba
336012,Bangalore,5/28/2008,CRD Fernando,M Chinnaswamy Stadium,0,Royal Challengers Bangalore,Mumbai Indians,Mumbai Indians,field,Mumbai Indians,wickets,9,N,NA,BF Bowden,AV Jayaprakash
336013,Chennai,5/10/2008,L Balaji,"MA Chidambaram Stadium, Chepauk",0,Chennai Super Kings,Kings XI Punjab,Kings XI Punjab,field,Chennai Super Kings,runs,18,N,NA,AV Jayaprakash,BG Jerling
336014,Hyderabad,5/11/2008,SC Ganguly,"Rajiv Gandhi International Stadium, Uppal",0,Deccan Chargers,Kolkata Knight Riders,Kolkata Knight Riders,bat,Kolkata Knight Riders,runs,23,N,NA,IL Howell,AM Saheba
336015,Jaipur,5/11/2008,SR Watson,Sawai Mansingh Stadium,0,Rajasthan Royals,Delhi Daredevils,Rajasthan Royals,field,Rajasthan Royals,wickets,3,N,NA,SJ Davis,RE Koertzen
336016,Chandigarh,5/12/2008,SE Marsh,"Punjab Cricket Association Stadium, Mohali",0,Kings XI Punjab,Royal Challengers Bangalore,Royal Challengers Bangalore,bat,Kings XI Punjab,wickets,9,N,NA,BR Doctrove,I Shivram
336017,Kolkata,5/13/2008,Shoaib Akhtar,Eden Gardens,0,Kolkata Knight Riders,Delhi Daredevils,Kolkata Knight Riders,bat,Kolkata Knight Riders,runs,23,N,NA,Asad Rauf,IL Howell
336018,Mumbai,5/14/2008,ST Jayasuriya,Wankhede Stadium,0,Mumbai Indians,Chennai Super Kings,Mumbai Indians,field,Mumbai Indians,wickets,9,N,NA,BR Doctrove,AM Saheba
336019,Chandigarh,5/28/2008,SE Marsh,"Punjab Cricket Association Stadium, Mohali",0,Kings XI Punjab,Rajasthan Royals,Rajasthan Royals,field,Kings XI Punjab,runs,41,N,NA,SJ Davis,K Hariharan
336020,Delhi,5/15/2008,A Mishra,Feroz Shah Kotla,0,Delhi Daredevils,Deccan Chargers,Deccan Chargers,field,Delhi Daredevils,runs,12,N,NA,BG Jerling,GA Pratapkumar
336021,Mumbai,5/16/2008,SM Pollock,Wankhede Stadium,0,Mumbai Indians,Kolkata Knight Riders,Mumbai Indians,field,Mumbai Indians,wickets,8,N,NA,BR Doctrove,DJ Harper
336022,Delhi,5/17/2008,DPMD Jayawardene,Feroz Shah Kotla,0,Delhi Daredevils,Kings XI Punjab,Delhi Daredevils,bat,Kings XI Punjab,runs,6,N,D/L,AV Jayaprakash,RE Koertzen
336023,Jaipur,5/17/2008,GC Smith,Sawai Mansingh Stadium,0,Rajasthan Royals,Royal Challengers Bangalore,Royal Challengers Bangalore,field,Rajasthan Royals,runs,65,N,NA,BF Bowden,SL Shastri
336024,Hyderabad,5/18/2008,DJ Bravo,"Rajiv Gandhi International Stadium, Uppal",0,Deccan Chargers,Mumbai Indians,Deccan Chargers,field,Mumbai Indians,runs,25,N,NA,BR Doctrove,DJ Harper
336025,Kolkata,5/18/2008,M Ntini,Eden Gardens,0,Kolkata Knight Riders,Chennai Super Kings,Kolkata Knight Riders,bat,Chennai Super Kings,runs,3,N,D/L,Asad Rauf,K Hariharan
336026,Bangalore,5/19/2008,SP Goswami,M Chinnaswamy Stadium,0,Royal Challengers Bangalore,Delhi Daredevils,Delhi Daredevils,field,Delhi Daredevils,wickets,5,N,NA,SJ Davis,GA Pratapkumar
336027,Kolkata,5/20/2008,YK Pathan,Eden Gardens,0,Kolkata Knight Riders,Rajasthan Royals,Rajasthan Royals,field,Rajasthan Royals,wickets,6,N,NA,BG Jerling,RE Koertzen
336028,Mumbai,5/21/2008,SE Marsh,Wankhede Stadium,0,Mumbai Indians,Kings XI Punjab,Mumbai Indians,field,Kings XI Punjab,runs,1,N,NA,BF Bowden,GA Pratapkumar
336029,Chennai,5/21/2008,A Kumble,"MA Chidambaram Stadium, Chepauk",0,Chennai Super Kings,Royal Challengers Bangalore,Royal Challengers Bangalore,bat,Royal Challengers Bangalore,runs,14,N,NA,DJ Harper,I Shivram
336031,Chandigarh,5/23/2008,SE Marsh,"Punjab Cricket Association Stadium, Mohali",0,Kings XI Punjab,Deccan Chargers,Kings XI Punjab,field,Kings XI Punjab,wickets,6,N,NA,Asad Rauf,SJ Davis
336032,Delhi,5/24/2008,KD Karthik,Feroz Shah Kotla,0,Delhi Daredevils,Mumbai Indians,Delhi Daredevils,field,Delhi Daredevils,wickets,5,N,NA,BF Bowden,K Hariharan